0,1,2,3,4,5
1학점 ,학교에서 만나는 보훈문화교육(중등),보훈의 의미를 알고 학생들을 지도하는데 많은 도움이 될것이란 생각이 듭니다.,5,학습지도,2023/10/24
1학점 ,학교에서 만나는 보훈문화교육(중등),보훈의 의미를 알고 학생들을 지도하는데 많은 도움이 될것이란 생각이 듭니다.,5,학습지도,2023/10/24
0학점 ,"융합교육의 완성, 전문가가 알려주는 ChatGPT",학교의 컴퓨터 환경에서는 챗 기능을 활용하기 어려운가 봅니다.,5,디지털활용,2023/10/24
1학점 ,주식의 정석(실전편)(직무상시),궁굼했던 부분이 잘 해결되었고 잘 들었습니다. 또 기회되면 들어볼께요. 수고하세요,5,인문·교양,2023/10/24
0학점 ,노션(Notion)으로 만들고 활용하는 디지털 교무수첩,"유익한 교육이였습니다.
향후 노션 반복활용으로 효율적인 적용이 될 수 있도록 하고자 합니다.",5,디지털활용,2023/10/24
0학점 ,안전한 테두리의 나! - 안테나 O_K(초등 심화),"좋은 연수 감사합니다, 도움이 되었습니다. 학생정신건강에 조금 더 알고 접근할 수 있게 되었습니다",5,생활지도,2023/10/24
1학점 ,배순탁의 무비토크 - 영화로 음악하다,영화에 대한 설명을 들으니 예전 영화를 찾아봐야 겠다고 생각했습니다.,5,인문·교양,2023/10/24
1학점 ,"MBTI, 너와 나를 바라보다",mbti에 대해 조금 더 자세하게 알아갈 수 있는 계기가 된 것같습니다. 감사합니다.,5,인문·교양,2023/10/24
2학점 ,유럽에 미치다,"유럽의 역사적 배경을 바탕으로 패션, 음식, 미술을 알게 되는 좋은 연수입니다.",5,인문·교양,2023/10/24
1학점 ,교사 통증 없애주는 자세 교정 및 자가 운동 치료,동료교사들께 적극 추천하는 연수입니다. 통증도 잡고 자세 교정도 하고 아이들에게 알려주기까지 일석삼조네요.,5,인문·교양,2023/10/24
0학점 ,"자연, 놀이중심 숲활동의 실제(직무상시)","숲활동을 하려면 미리 챙겨야 할 준비물도 많고 바깥에서 활동하다 보니 아이들의 안전에도 더욱 신경쓰이고 해서 선뜻 수업하기 어려운 경우가 많습니다.
이 강의는 바로 바로 수업에 투입할 수 있는 재료를 이용하여 쉽게 수업할 수 있도록 많은 숲활동을 소개해 주셔서 많은 도움이 되었습니다.
감사합니다.",5,유아교육,2023/10/24
2학점 ,한 방에 끝내는 초등 진로교육,여러가지 진로교육의 방법에 대해 탐구해볼 수 있는 시간이였습니다.,5,진로·인성,2023/10/24
0학점 ,"ChatGPT야, 내 수업을 도와줘!(직무상시)",챗GPT의  활용방안을 습득하는 데에 유익하며 챗GPT의 본질을 이해하고 알맞게 교육하는 데에 도움이 될듯함,5,디지털활용,2023/10/24
4학점 ,최태성의 한눈에 사로잡는 한국사능력 검정시험 심화,"역사가너무 재밌어요
계속들어도 재밌는연수
큰별 최태성최고
다음에 또 듣고싶네요",5,자격대비,2023/10/24
4학점 ,최태성의 한눈에 사로잡는 한국사능력 검정시험 심화,"역사가너무 재밌어요
계속들어도 재밌는연수
큰별 최태성최고
다음에 또 듣고싶네요",5,자격대비,2023/10/24
0학점 ,안전한 테두리의 나! - 안테나 O_K(기본)(2023 인천광역시교육청),어려움을 겪고 있는 학생들에게 새로운 삶의 희망과 원동력을 줄 수 있는 좋은 교육입니다.,5,생활지도,2023/10/24
0학점 ,안전한 테두리의 나! - 안테나 O_K(중등 심화),교사의 중요한 역할 중 하나는 관심을 갖고 학생을 살펴보고 학생의 이야기를 들어주고 이해해주는 것이라는 것을 또한번 깨닫게 되었습니다. 반에 자살 위험 체크리스트에 해당하는 아이들이 있는데 직접 관찰 자료를 만들어 더 면밀히 살펴보아야겠습니다.,5,생활지도,2023/10/24
1학점 ,학교에서 만나는 보훈문화교육(중등),"보훈 또는 호국의 의미가 쇠퇴되어가고 있는 요즘 학생들에게 보훈이 무엇인지 명확하게 전달할 수 있는 좋은 자료를 얻게 된 연수였습니다. 저 또한 교직생활이 10년이 넘었음에도 불구하고, 또 보훈과 밀접한 관련성을 지닌 사회과 교사임에도 불구하고 학생들에게 보훈이 무엇인지 알려주는데 미흡했다고 여겨집니다. 이번 연수를 통해서 학생들에게 올바른 보훈의 의미와 국가 공동체의 가치에 대해 전달할 수 있게 되어 기쁘게 생각합니다. 저에게 이번 연수는 새로웠고 생소했지만 사실 오래전부터 보훈을 아는 것은 정말 중요하다는 것을 깨달은 계기가 되었습니다.",5,학습지도,2023/10/24
2학점 ,리얼클래스! 타일러의 진짜 영어(직무상시),유익한 연수였습니다. 실제로 영어권에서 사용할 법한 표현들을 익힐 수 있어서 좋았습니다. 감사합니다.,5,어학,2023/10/24
2학점 ,민규동과 함께하는 시네버스,"좋은 영화들을 소개 받을 수 있었으며, 이미 봤던 영화들에 대한 새로운 해석들도 알게 되어 뜻 깊은 시간이었습니다. 영화를 좋아하는 선생님들이라면 꼭 한 번 들어보시기 권장드립니다. : )",5,인문·교양,2023/10/24
0학점 ,안전한 테두리의 나! - 안테나 O_K(기본)(2023 인천광역시교육청),생명 존중 및 자살 예방 교육에 참고할 수 있는 유익한 교육 내용이었습니다. 교실 현장에서 학생들에게 적용하여 학생들이 생명을 존중할 수 있도록 하겠습니다.,5,생활지도,2023/10/24
0학점 ,안전한 테두리의 나! - 안테나 O_K(기본)(2023 인천광역시교육청),연수가 대체적으로 만족은 하지만 다음차시 넘어갈때 좀 어려움감이 있습니다. 그런점이 좀 보완되었으면 하는 바랩입니다.,4,생활지도,2023/10/24
2학점 ,위기의 교사를 구하라! 교사119,수강하기 편했고 교실상황에서 적용할만한 내용으로 유익한 연수였습니다.,5,생활지도,2023/10/24
2학점 ,그림의 힘: 마음을 치유하는 명화테라피,명화를 볼때는 화가나 그림의 필체를 먼저 보았는데  스토리 및 화가의 마음 상태등을 알아가는 과정도 흥미가 있었습니다.,5,인문·교양,2023/10/24
3학점 ,야나두 기초 영어,"회화를 위한 문법으로 너무 적절한 내용의 연수였습니다.
예문을 입에 익히도록 프로그램 되어 있어서 영어로 말하는데 좋았습니다.
예전에 학교 다닐때 배웠던 문법이 아닌 이해하기 쉽게 내용이 알차고, 강사의 설명이 쉬워 
이해하기  쉬웠습니다.
영어를 공부하는데 많은 도움이 되었습니다. 감사합니다.",5,어학,2023/10/24
2학점 ,"공감과 소통을 위한 사랑의 기술, 감정코칭",학생들의 성장을 이해하고 실제 학교 생활에서 생활지도에 도움이 되는 유익한 연수였습니다.,5,생활지도,2023/10/24
0학점 ,(자율)학교에서 만나는 보훈문화교육(중등),보훈이라는 단어가 멀고 와닿지 않았는데 결국 우리의 역사이고 그 역사속에서 나라를 지켜온 분들에게 감사한 마음을 갖고 잊지 않아야 한다는 내용이네요. 저에게도 학생들에게도 많은 도움이 될 것 같습니다. 좋은 연수 감사합니다.,5,학습지도,2023/10/24
2학점 ,"교권, 학생인권과 상생을 모색하다",잘 들었습니다. 교권과 학생인권에 대해 공부 했어요. 교권과 학생인권에 대해 공부 했어요.,5,생활지도,2023/10/24
2학점 ,생활의 달인이 알려주는 누나IT,"딱딱 중요한 것들 위주로 핵심적으로 잘 짚어주십니다.
듣기 편하고 좋네요~",5,디지털활용,2023/10/24
1학점 ,한 번 더 생각하고 한 발 더 깊이 들어가는 고교학점제,"고교학점제의 오해를 풀 수 있으며, 이해하기 쉽게 전개되는 내용과 컨텐츠가 좋았다. 적극 추천합니다.",5,학습지도,2023/10/24
1학점 ,리얼클래스! 타일러의 진짜 영어 - 위 베어 베어스 시즌 2(2023울산광역시교육연수원),원어민이 일상에서 많이 쓰는 표현의 뉘앙스를 학습하여 실생활에 유용하게 활용할 미국식 영어를 습득하는 계기가 되었습니다. 앞으로 다소 자신감을 갖고 실제 영어 대화에 참여할 용기를 얻었습니다. 그리고 꾸준히 매일매일 복습하여 표현들 모두를 암기하여 자연스럽게 사용하고 또 따른 연수를 참여하여 더욱 능력을 향상시켜 나아갈 예정입니다. 감사합니다.,5,어학,2023/10/24
2학점 ,미술로 보는 아이들의 심리(직무상시),유익한 미술심리 수업으로 아이들에게 다양하게 적용할수 있게 설명되었습니다.,5,생활지도,2023/10/24
2학점 ,생활의 달인이 알려주는 누나IT,"다른 사람들에게 묻기에는 죄송스러운 ^^;;;  그리고, 평소 궁금했던 내용으로 구성이 되어 도움이 되었습니다. 단축키, 액셀 함수 등은 문서 작업 속도를 높여 주네요.",5,디지털활용,2023/10/24
2학점 ,야! 나도 융합수업 할 수 있다 - 2015 개정 교육과정 속 학생 중심 수업을 실천하다.(직무상시),융합수업에 대해 자세히 알 수 있어 좋았습니다. 학생에게 도움이 되는 수업이 될 수 있도록 동료 교사와 많은 대화를 나누어야겠습니다.,5,학습지도,2023/10/24
1학점 ,"지금은 다문화 시대, 차이를 존중하는 문화 역량 강화",다문화학생이 더욱 늘어날 것으로 예상되는 시기에 앞으로 다문화 교육은 필수 인 것 같다.,5,생활지도,2023/10/24
1학점 ,인공지능(AI)를 이기는 교육,"내용이 최신 내용은 아니나 보기 편하게 되어 있고, 융합과 ai 기초에 대해 적용하기는 무난한 편이었음",5,디지털활용,2023/10/24
2학점 ,야! 나도 융합수업 할 수 있다 - 2015 개정 교육과정 속 학생 중심 수업을 실천하다.(직무상시),학생들이 다양한 관점에 대해 개방적인 태도를 가지고 새로운 지식을 만들어 낼 수 있는 역량 즉 ‘과정 지식(process knowledge)’을 갖도록 하는 것에 대해 많은 것을 배웠습니다. 이미 융합된 지식의 전수보다 학생 스스로 융합해보는 경험을 갖는 것으로 이해하는 입장입니다.  많은 융합 교육 프로그램은 학생들이 다양한 문제해결 과정에서 융합 탐구의 필요성을 느끼게 해줍니다. 본 연수를 통해 이 과정에서 깊은 수준의 지적 체험과 다양한 인간관계를 경험하는 기회를 만들어 주신데 대해 감사의 말씀을 드립니다. 유익한 연수였습니다.,5,학습지도,2023/10/24
2학점 ,"일본어뱅크, 요로시쿠 일본어회화 입문",고등학교 이후 처음으로 다시 일본어를 배워보는 기회였습니다. 내용도 알차고 강사님의 강의 스킬이나 내용도 알찬 좋은 연수입니다. 입문으로 좋은 연수입니다.,5,어학,2023/10/24
0학점 ,미리캔버스 완전 정복 - 수업 활용편,미리캔버스를 활용하는 것에 미숙한 점이 많기 때문에 시간적 여유가 될 때 본 연수를 반복하여 듣고 싶습니다.,5,디지털활용,2023/10/24
1학점 ,"이수정 교수의 교사가 알아야 할 폭력, 교실 대응 가이드(직무상시)","이수정 교수의 교사가 알아야 할 폭력, 교실 대응 가이드 연수 잘 받았습니다.",5,생활지도,2023/10/24
2학점 ,필요할 때 꺼내 쓰는 한글 필수 키트,한글 프로그램을 다양하게 학교 현장에 적용할 수 있어서 유익했습니다. 꼭 기한 내에 복습해보고 싶습니다.,5,디지털활용,2023/10/24
1학점 ,인성과 창의성을 길러주는 그림책 감성교육(직무상시),인성과 창의성을 길러주는 그림책 감성 교육 연수 잘 받았습니다. 그림책을 수업에 적용하는데 도움이 되었습니다.,5,생활지도,2023/10/24
4학점 ,건강을 알면 안전이 보인다,"다른 연수는 1번 아니면 2번의 책을 읽어보고 시험에 응시했는데 이번 연수는 5번이상의 정독을 해도 햇가렸다. 너무 전문용어가 많고, 정확한 설명이 부족한 느낌이다. 예를 들면 부목을 대어하는 시점에서 말로만  어떻게 하라고 는 했지만 자세한 사진이나 그림은 없었다. 옛날 고등학교 시절  교련시간에 배웠던 내용과 인터넷으로 찾으면서 연수내용을 겨우 이해했다. 교사가 간호사, 일반 의사가 아닌 이상 말로만 이해할 수 없음이 많이 아시웠음.",5,생활지도,2023/10/24
1학점 ,한 번 더 생각하고 한 발 더 깊이 들어가는 고교학점제,ㅇㄹㅇㅇㄹㅇㄹㅇㄹㅇㄹㅇㄹㄴㅇㅇㅇㅇㅇㅇㅇㅇㅇㅇㅇㅇㅇㅇㅇㅇㅇㅇㅇㅇㅇㅇㅇㅇㅇㅇㅇㅇㅇㅇㅇㅇㅇㅇㅇㅇㅇㅇ,5,학습지도,2023/10/24
2학점 ,현장에서 들려주는 특수교육 수업 레시피,현장에서 들려주는 특수 교육 수업 레시피 연수 잘 받았습니다. 통합 학급 운영에 도움을 주는 유익한 연수였습니다.,5,학습지도,2023/10/24
1학점 ,다름을 인정하는 다문화 교육 - 수업의 실제(직무상시),다름을  인정하는 다문화 교육 연수 잘 받았습니다. 다문화 교육을 수업에 적용하는데 도움을 주는 연수였습니다.,5,생활지도,2023/10/24
1학점 ,풀꽃 시인 나태주와 함께하는 시간의 쉼표(연수+도서),나태주님을 좋아하는 사람으로 아주 좋은 연수였어요. 매일 시집 읽고 저만의 시간을 갖는 것이 좋습니다,5,인문·교양,2023/10/24
2학점 ,교사의 월급통장을 사수하라!(직무상시),최고입니다. 바라던 강의입니다. 최고입니다. 이상적인 강의입니다.,5,인문·교양,2023/10/24
2학점 ,여행영어 특급패턴 101(직무상시),여행영어 특급패턴 101 연수 잘 받았습니다. 여행에 도움이 되는 유익한 영어연수이었습니다.,5,어학,2023/10/24
1학점 ,긍정심리 접근을 통해 행복을 키워주는 상담 기법,긍정 심리학의 전문적이고 구체적인 내용과  실제 학생들의 상담 사례를 접목하여 상담 전략까지 제시하여 긍정 심리학을 이해하는 데 큰 도움이 되는 연수였습니다.,5,진로·인성,2023/10/24
0학점 ,안전한 테두리의 나! - 안테나 O_K(기본)(2023 인천광역시교육청),연수를 듣기 전에 게이트키퍼가 무엇인지 몰랐는데 강의를 통해 개념을 이해하고 그 역할을 이해하게 되었습니다. 좋은 강의 감사합니다.,5,생활지도,2023/10/24
1학점 ,"꼬꼬무! 꼬리에 꼬리를 무는 기초학력, 학습부진 구출하기(직무상시)","학생들의 학습 부진의 원인, 환경, 지원 체계, 학습 전략 등을 이해하는데 도움이 되는 연수였습니다.",5,학습지도,2023/10/24
2학점 ,벌거벗은 한국사,너무나도 듣고 싶던 연수였고 이 연수를 통해 역사에 대해 많은 관심을 갖게 되어 역사 관련 책도 구입하여 읽게 되었네요. 역사에 무지했던 제가 바뀌게 된 부분이 너무 신기할 따름입니다. 적극 추천하고 싶네요.^^,5,인문·교양,2023/10/24
2학점 ,미술관에 간 심리학(직무상시),미술과 심리에 연관성에 대해서 명화 감상과 함께 진행하는 연수라서 지성과 감성을 충족하는 좋은 연수,5,인문·교양,2023/10/24
1학점 ,학교에서 만나는 보훈문화교육(중등),"우선 티처빌이라는 원격연수원에서 수강할 수 있어서 좋았습니다. 
학교에서 교사가 꼭 알아야할 정보들로 구성되어 좋았습니다. 
연수를 들으면서, 클릭해야 하는 횟수가 많으면 연수에 방해되는 경우가 종종 있는데, 
클릭 횟수가 적어 연수집중에 도움이 되었습니다",5,학습지도,2023/10/24
1학점 ,교사 통증 없애주는 자세 교정 및 자가 운동 치료,마사지와 스트레칭을 통해 내 몸의 통증 원인을 알고 대처할 수 있는 유익한 연수이다.,5,인문·교양,2023/10/24
2학점 ,한 방에 끝내는 초등 진로교육,"초등에 맞는 진로교육 방법을 알게 되었으며, 학기 초 3월에 꿈으로 친해지는 방법은 유용하게 활용할 수 있을 것 같습니다. 그리고 아침 꿈 발표회를 아이들과 함께 해보려고 합니다. 좋은 연수 감사합니다.",5,진로·인성,2023/10/24
1학점 ,긍정심리 접근을 통해 행복을 키워주는 상담 기법,정말 도움이 되는 연수였습니다. 학생 상담과 지도에 많은 도움을 받았습니다.,5,진로·인성,2023/10/24
1학점 ,스쿨 업사이클링-환경놀이,실생활에 실천할 수 있는 분리 배출 방법이 상세히 소개되면서 학생들과 함께할 수 있는 환경 놀이 수업이 제시되어 있어서 바로 적용해 볼 수 있을 것 같아 좋아요.,5,학습지도,2023/10/24
0학점 ,알쏭달쏭 캐치! 청소년 약물오남용 및 마약류 예방 정보 바로 알기,약물 오남용 교육을 담당하는 담당교사들이 일반적으로 알고 있는 내용들이어서 별로 색다를게 없던 연수였습니다. 수업을 어떻게 할까 고민하다가 신청해서 들었는데 크게 얻어가는 팁은 없는거 같습니다.,5,생활지도,2023/10/24
2학점 ,"공부가 재미있어요, 기초학력 지도! 진단부터 학습부진 해결",기초 학력 지도에 많은 도움이 되었습니다. 앞으로 기초학력 지도를 하는 데 있어 활용할 수 있도록 하겠습니다.,5,학습지도,2023/10/24
2학점 ,벌거벗은 한국사(직무상시),쉬운 설명과 사건 서술로 우리 역사의 흐름과 주요 사건 속 인물들을 기억할 수 있었습니다. 최태성 선생님 역사 강의는 믿고 보는 강의 같아요. 추천합니다~!!!,5,인문·교양,2023/10/24
2학점 ,생활의 달인이 알려주는 누나IT,교직 생활에 꼭 필요한 여러가지 꿀팁들을 많이 배웠습니다~~,5,디지털활용,2023/10/24
0학점 ,"위기 탈출 안전교육, 내 몸을 지켜라!(직무상시)",지석전달만이 아닌 활동을 통한 지루함을 없애고 몸에 안전교육 활동을 익힐 수 있는 유익한 교육이었습니다.,5,생활지도,2023/10/24
1학점 ,한 방에 끝내는 유퀴즈 법정의무교육 15,매년 받는 법정 의무 연수를 한번에 들을 수 있어서 좋았습니다.,5,생활지도,2023/10/24
4학점 ,최태성의 한눈에 사로잡는 한국사능력 검정시험 심화,"구슬이 서 말이라도 그냥 있으면 구슬인데, 이번 연수로 그간 갖고 있던 구슬들로 목걸이를 만들었습니다. 들어본 적도 있고 알고도 있던 역사적 사실들을 최태성 선생님의 강의로 인과 관계와 그 역사적 의미들을 더욱 확실하게 알게 되었습니다. 특히 근현대사 부분이 더욱 그랬습니다. 앞으로 우리 반 학생들에게 역사적 사실들 이야기해줄 때 이 연수가 아주 많이 도움이 되겠습니다. 감사합니다^^",5,자격대비,2023/10/24
1학점 ,인공지능(AI)를 이기는 교육,인공지능 기술이 미래학교 및 교육현장에 어떻게 적용되어 어떤 변화를 가져다 주는지 예상해 볼 수 있는 유익한 내용,5,디지털활용,2023/10/24
1학점 ,"사례로 알아보는 생생한 학교 현장, 교실 생활지도 가이드(직무상시)",학교현장에서 적용할 수 있는 여러가지 사례를 들어 도움이 되었습니다.,5,생활지도,2023/10/24
1학점 ,소금별의 사소한 IT 이야기,마술이라는 생각이 듭니다. 이렇게 다양한 방법으로 기기들을 사용할 수 있다는게 진짜 마술같습니다. 아주 유익하고 실용적인 강의입니다. 저같은 사람을 위한 강의입니다. 감사합니다.,5,디지털활용,2023/10/24
2학점 ,벌거벗은 한국사,큰별샘의 이야기는 항상 역사적인 지식 뿐 아니라 인생에서 무엇인가 결정하고 행동할 때 지침서가 되는 거 같습니다. 왜 역사를 배워야 하는지 그 이유를 알게 만들어 주는 연수였습니다.,5,인문·교양,2023/10/24
1학점 ,"현장에서 유용한, 김진영 교수의 창의적 유아음악활동",직접 참여하여 다시 강의를 듣고 싶을 정도로 좋았습니다. 아이들과 함께 더 유익하게 음악활동을 하는데 많은 도움이 되었습니다. 감사합니다.,5,유아교육,2023/10/24
0학점 ,"교사 라이프 코칭, 행복한 교실 만들기",효율적이고 합리적인 학급운영이 되도록 노력하겠음. 어떤 교사가 되어야 할 지 고민하는 계기가 됨.,5,생활지도,2023/10/24
0학점 ,안전한 테두리의 나! - 안테나 O_K(초등 심화)(2023 인천광역시교육청),자살 위기학생 지도하는데 도움이 많이 되었어요. 좋은 연수 감사합니다.,5,생활지도,2023/10/24
1학점 ,현장 멘토들과 함께 하는 인도주의 실천 가이드,좋았습니다 유익한 연수였어요 아이들에게 배운대로 잘 실천해보겠습니다,5,인문·교양,2023/10/24
2학점 ,"돈으로 움직이는 교실 이야기, 세금 내는 아이들",유익한 연수입니다. 경제 교육이 많이 활성화되었으면 좋겠습니다.,5,학습지도,2023/10/24
1학점 ,(위대한 탄생) 탄탄대로 생활기록부,"기준과 규정에 대한 내용이 대부분인 연수였습니다.
관련 규정과 약간의 예시 사례도 잘 들었습니다.",4,진로·인성,2023/10/24
2학점 ,정재승의 스쿨 브레인,흡족한 연수였습니다. 아이들을 이해할 수 있는 폭이 넓어져서 실생활과 학교에서도 적용해도보록 하겠습니다.,5,인문·교양,2023/10/24
0학점 ,"ChatGPT야, 내 수업을 도와줘!(직무상시)","****ChatGPT의 교육적 활용
- ChatGPT의 등장은 교육적인 변화를 불러올 것으로 예측되며 ChatGPT의 활용은 학습을 위한 도구로서 활용될 수 있음
특히 예술과목에서 뮤지컬 수업이나 오페라 수업. 감상수업에 좋은 자료 및 스토리의 대화를 찾을수 있을 것 같아 기대된다,
-",5,디지털활용,2023/10/24
1학점 ,"아는 만큼 쌓이는 금융잔고, 교사 금융문맹 탈출기(주식, 부동산)(직무상시)","돈에 대해서는 밖으로 드러내는게 아니다고 생각했지만, 주식, 부동산, 연금 등에 대해서 조금씩 알 수 있었고, 경제에 대해서 관심을 가지게된 계기가 된 것 같습니다.",5,인문·교양,2023/10/24
2학점 ,미술관에 간 심리학,넘 재미있고 즐거운 연수였어요. 화가들의 생애와 작품을 통해 세상과 인간에 대한 이해의 폭을 넓힐 수 있어요,5,인문·교양,2023/10/24
1학점 ,푸는 재미! 맞추는 재미! '유 퀴즈 안전한 학교 생활 BEST 15',"후기가 좋아서 선택하게 되었는데, 퀴즈형식이라 가볍게 들을 수 있으면서도 문제를 보면서 답을 생각하며 연수를 들을 수 있습니다.
안전연수 많이 들어봤지만 아이디어가 좋아서 기억에 남습니다. 꼭 필요한 내용을 퀴즈와 각각의 전문가를 통해 알기 쉽게 설명하였습니다.
또한 클릭도 많이 안해도 되고, 시간도 딱 적절한 것 같습니다. 한 강의당 5문제정도 풀고, 실제로 완강기 사용법이나 응급처치 등을 보여주시기도 하여 유익합니다.
안전연수를 무엇을 들을까 고민하시는 분들께 추천합니다.
안전연수는 일정기간 마다 꾸준히 들어야 하는데 앞으로도 쉽고 편하게 들을 수 있으면서 중요한 내용을 전달해주는 좋은 연수 많이 만들어주세요.",5,생활지도,2023/10/24
1학점 ,현장 멘토들과 함께 하는 인도주의 실천 가이드,"인도주의에 대해 많은 것을 배운 시간이였습니다.
앞으로 아이들을 편견없이 사랑하는 마음을 가지면서 교육하겠습니다",5,인문·교양,2023/10/24
1학점 ,"수업을 바꾸는 마법, 구글 클래스룸(직무상시)","구글의 다양한 서비스를 수업에 활용할 수 있는 다양한 방법들을 제시해 주셔서 감사합니다. 
유익한 연수였습니다.",5,디지털활용,2023/10/24
1학점 ,나의 첫 영어 명작 읽기 - 빨간 머리 앤,너무 재밌게 잘 들었습니다~ 쉽고 재미있게 원서를 읽을 수 있어서 좋았어요 의미있는 시간이었습니다,5,어학,2023/10/24
2학점 ,"교사, 여행에 미치다(직무상시)",세계의 다양한 여행지에 대한 대략적인 정보를 얻을 수 있어 흥미롭습니다. 훗날 여행 계획을 세우는 데 도움이 됩니다.,5,인문·교양,2023/10/24
1학점 ,쉽고 재미있는 학교 속 다문화 교육 베스트 15(직무상시),다문화에 대해 이해하기 쉽게 내용이 설명 되어 있어서 유익했습니다,5,생활지도,2023/10/24
0학점 ,안전한 테두리의 나! - 안테나 O_K(기본)(2023 인천광역시교육청),안전한 테두리의나-안테나 육일하고 훌륭한 강의 감사합니다,5,생활지도,2023/10/24
0학점 ,"변화와 새로운 교육을 말하다, 메타버스!",아주 훌륭한 연수!아주 훌륭한 연수!아주 훌륭한 연수!아주 훌륭한 연수!,5,디지털활용,2023/10/24
0학점 ,김병만과 함께하는 생태계 보전의 법칙(직무상시),아주 훌륭한 연수!아주 훌륭한 연수!아주 훌륭한 연수!아주 훌륭한 연수!,5,인문·교양,2023/10/24
0학점 ,AI 러닝으로 수준차 극복! 교사가 편해지는 AI 수업,아주 훌륭한 연수!아주 훌륭한 연수!아주 훌륭한 연수!아주 훌륭한 연수!,5,디지털활용,2023/10/24
0학점 ,안전한 테두리의 나! - 안테나 O_K(중등 심화)(2023 인천광역시교육청),매번 듣는 연수지만 이 강의는 꼭 들어야 하는 강의라 생각됩니다. 특히 생명 사랑을 중히 여기는 저와 같은 불자에게는요.,5,생활지도,2023/10/24
4학점 ,최태성의 한눈에 사로잡는 한국사능력 검정시험 심화,유익한 연수였습니다.  다만 출석 시험이 너무 어려운 것 같습니다.,5,자격대비,2023/10/24
1학점 ,쉽고 재미있는 학교 속 다문화 교육 베스트 15,좋은 연수를 통해 학생들을 이해하고 가르치는데 큰 도움이 되었습니다.,5,생활지도,2023/10/24
0학점 ,"ChatGPT야, 내 수업을 도와줘!(직무상시)","I do not have any special goal. Nothing special, just learn from this course. and it was good!",5,디지털활용,2023/10/24
0학점 ,안전한 테두리의 나! - 안테나 O_K,초등 저학년에서도 꼭 필요한 연수여서 잘 들었습니다. 유익한 정보 감사합니다.,5,생활지도,2023/10/24
0학점 ,안전한 테두리의 나! - 안테나 O_K(중등 심화),"소중한 우리 하생들의 정신적 성숙기에 있는 시기에 학생을 이해하고 동참하고 같이 활동할 수 있는 계기를 제공한 연수인 것 같습니다.
감사합니다.",5,생활지도,2023/10/24
1학점 ,커피에서 진로를 찾다,커피가 만들어지는 전반적인 과정에 대해 학습하고 커피 관련 직업에 대해 탐구하는 기회를 가질 수 있어서 좋았습니다.,5,진로·인성,2023/10/24
0학점 ,"ChatGPT야, 내 수업을 도와줘!(직무상시)","단순한 ‘도구’를 넘어서 교육의 질 자체를 높일 수 있는 ‘중요한 동반자’로서 AI·에듀테크를 적절하게 활용하면, 선생님과 학생 모두에게 더욱 효과적이고 만족스러운 교육환경이 구축될 것이다.
감사합니다...",5,디지털활용,2023/10/24
1학점 ,동화로 그리는 아이 마음 스케치 - 전래동화 동화치료편,"그림책 연수는 매우 훌륭했습니다. 수업에 많은 도움이 될 것 같습니다.
 감사합니다.",5,생활지도,2023/10/24
0학점 ,안전한 테두리의 나! - 안테나 O_K(중등 심화),본 연수 강의 개설과 수강에 애쓰신 많은 분들께 감사합니다.,5,생활지도,2023/10/24
1학점 ,"지금은 다문화 시대, 차이를 존중하는 문화 역량 강화",잘 들었습니다. 좋은 내용으로 다문화 교육에 대해 잘 배웠습니다. 감사합니다.,5,생활지도,2023/10/24
0학점 ,"ChatGPT야, 내 수업을 도와줘!(직무상시)",Chat GPT가 사용되는 분야를 다양하게 학습할 수 있게 된 계기가 되었습니다.,5,디지털활용,2023/10/24
0학점 ,알쏭달쏭 캐치! 청소년 약물오남용 및 마약류 예방 정보 바로 알기,연수 시간은 6차시이지만 알찬 내용으로 구성되어 있어 부담없이 듣고 실생활에 적용할 수 있는 유익한 연수이므로 주위에 추천하고 싶다.,5,생활지도,2023/10/24
2학점 ,"교권, 학생인권과 상생을 모색하다","학교는 학생, 교사, 학부모, 지역사회가 협력해서 만들어 가는 행복한 교육공동체가 되어야 합니다. 그래야 아이들과 교사, 학부모가 함께 성장할 수 있습니다.  이번 연수를 통해 우리 구성원들이 좀 더 행복할 수 있도록 내가 뭘 지원할 수 있는지 많은 것을 배워갑니다.",5,생활지도,2023/10/24
0학점 ,안전한 테두리의 나! - 안테나 O_K(초등 심화)(2023 인천광역시교육청),요즘 위기에 처해있는 학생들을 이해하고 도울 수 있는 유익한 연수였습니다.,5,생활지도,2023/10/24
1학점 ,쉽고 재미있는 학교 속 다문화 교육 베스트 15,"다문화 학생들의 언어문제와 학습장애문제를 좀 더 잘 알 수 있었고, 그들의 진로교육에 대해 살펴볼 수 있는 유익한 시간이었습니다.",5,생활지도,2023/10/24
2학점 ,벌거벗은 한국사,한국사의 흐름을 시대별로 중요 사건에 따라 정리할 수 있는 유익한 시간이었음.,5,인문·교양,2023/10/24
1학점 ,기후변화와 생태계,매우 유익했습니다. 주변의 다른 선생님들에게도 적극 추천하고 싶은 연수입니다.,5,생활지도,2023/10/24
2학점 ,수업의 신(직무상시),"유익한 수업이었습니다. 창 확대하기, 속도 조절이 되면 더 좋았을 것 같습니다. 감사합니다.",5,학습지도,2023/10/24
1학점 ,기후변화와 생태계,연수가 매우 유익했습니다. 주변의 다른 선생님들에게도 적극 추천해주고 싶은 연수입니다.,5,생활지도,2023/10/24
2학점 ,나조차 몰랐던 내 마음 관리법,항상 불안했던 내마음을 평정하는데 많은 도움이 되었습니다. 감사합니다.,5,인문·교양,2023/10/24
0학점 ,우리 반 보조교사 AI 클래스,이 연수 덕분에 IT 역량 강화에 도움이 되었습니다 이 연수 덕분에 IT 역량 강화에 도움이 되었습니다,5,디지털활용,2023/10/24
1학점 ,왕초보도 쉽게 배우는 나의 첫 여행 영어(직무상시),"연수가 재미있고, 유익하고 무엇보다 여행 필수 회화 위주로 꼭 필요한 내용을 알려주어 도움이 많이되고 좋았습니다. 감사합니다.",5,어학,2023/10/24
0학점 ,음악에 담긴 파격적인 이야기 - 음담파설 Season1,작곡가나 관련 내용 소개할 때 그 작곡가의 음악이 배경으로 나오면 좋을 것 같습니다. 유익한 강의 감사합니다.,5,인문·교양,2023/10/24
4학점 ,왕초보도 쉽게 배우는 사용빈도 1억 영어회화 표현,일상 생활에서 유용하게 쓸 수 있는 많은 표현들을 배웠습니다. 매우 유익했습니다. 감사드립니다 강사님.,5,어학,2023/10/24
0학점 ,알쏭달쏭 캐치! 청소년 약물오남용 및 마약류 예방 정보 바로 알기,알쏭달쏭 캐치 청소년 약물 오남용 및 마약류 예방 정보 바로 알기 연수 잘 들었습니다.,4,생활지도,2023/10/24
1학점 ,기초학력 바로잡기(중등편),기초 학력이 부족한 학생들을 대하는 방법이 구체적으로 제시되어 좋았습니다^^,5,학습지도,2023/10/24
2학점 ,생활의 달인이 알려주는 누나IT,"이 연수 덕분에 IT 역량 강화에 도움이 되었습니다
감사합니다",5,디지털활용,2023/10/24
1학점 ,현장 멘토들과 함께 하는 인도주의 실천 가이드,"전철이나 버스를 이용할 때 가끔 보았던 야나두 영어를 직접 접해보았습니다. 50대 후반에 새로운 도전을 해보았는데 참 신선했습니다. 그동안 시원스쿨이라는 것도 해보고 회화 관련 도서도 구입했지만 연속성이 떨어지는 문제에 이르면 다시 처음으로 돌아가곤 했는데 이번 연수는 다시 듣고 싶은 참 좋은 연수였습니다. 특히, 강사님의 친절하고도 톡톡튀는 재미있는 진행으로 지루할 틈이 없었습니다. 매일 아침 한 강좌씩 듣고 출근해서 이제는 좋은 아침 루틴이 되었습니다. 물론 기초과정이기는 하지만 이 연수를 몇 번 되풀이해서 들으려고합니다. 휴대전화를 통해서 연수를 들을 수 있어서 접근성도 좋았고, 시간 내 수업활동을 잘 계획해서 따라가다보면 어느새 마치게 되는 흐름이 잘 구성되었습니다.

이 연수를 한마디로 요약하자면 영어회화는 “머리로 하는 것이 아니라, 혀로하는 것이다.”라는 강사님의 어록을 마음에 새기고 늘 틈나는 대로 중얼중얼하는 습관이 생겼습니다.

후배선생님들에게 추천하고 싶은 좋은 연수입니다.",5,인문·교양,2023/10/24
4학점 ,알기 쉬운 교직실무,학급담임만 해서는 잘 모르는 교직실무의 전반적인 내용을 잘 알려주고 있습니다. 찬찬히 살펴보면 알지 못했던 새로운 내용을 많이 발견하실거에요.,5,학습지도,2023/10/24
1학점 ,누구나 쉽게 배우는 필라테스(소도구편)(연수+교구),필라테스를 처음 접해보았는데 소도구 사용에 대해 쉽게 알려주시고 꼼꼼히 자세를 이야기해주셔서 틀어지지 않도록 집중하게 되더라구요!! 추천합니다!!,5,인문·교양,2023/10/24
4학점 ,미술로 만나는 아이들의 심리,연수성적이 필요해서 신청했던 연수였는데 들으면서 아이들의 심리를 이해하는데 도움이 된다는 생각을 자주 헀어요. 물론 원했던 연수성적을 받지는 못햇지만 무엇인가 기억에 남는 연수였네요. 학급에 적용해 보면 좋을 몇가지 사례를 찾기도 하구요. 강의 위주보다는 교재에서 시험문제를 출제 되었구요. 그냥 한번 읽어서는 시험보기는 어려웠어요. 몇차례 읽고 외워야할 것은 외워야 시험이 가능했습니다.,5,생활지도,2023/10/24
2학점 ,생활의 달인이 알려주는 누나IT,굉장히 유익했어요. 단축키 등은 금방 잊을 것 같지만 몇번 더 반복해서 들으면 익힐 수 있을 것 같아요,5,디지털활용,2023/10/24
3학점 ,야나두 기초 영어,"영어 완전 초보인데 중요한 문법적인 것을 잘 알수 있어서 좋았습니다. 재미있고 귀에 쏙쏙 박히는 강의 너무 좋고,  타일러의 리얼클래스에 계속에 도전하고 싶습니다.",5,어학,2023/10/24
1학점 ,서쌤과 전쌤의 배틀! 전통놀이,예전에 친구들과 골목길을 누비며 놀았던 기억이 연수를 들으며 떠오르네요. 그 때 진짜 시간이 가는 줄 모르고 재미있게 놀았는데 우리 아이들에게도 이런 게임 같이 해보고 싶네요.,5,학습지도,2023/10/24
1학점 ,"아는 만큼 쌓이는 금융잔고, 교사 금융문맹 탈출기(주식, 부동산)","그동안 문맹으로 살았던 나를 반성하며 나의 자산과 앞으로 노후에 대해서 생각해 볼 수 있는 기회였고, 주식 펀드를 무서워했는데 다른 생각을 갖게 하는 연수였습니다.",5,인문·교양,2023/10/24
0학점 ,"위기 탈출 안전교육, 내 몸을 지켜라!",무난하고 실질적인 대처에 대해서 약간은 알 수 있었습니다.,4,생활지도,2023/10/24
2학점 ,오은영 박사와 함께하는 우리 아이 마음처방전(직무상시),"제목이 우리 아이 마음처방전이기에 부모의 입장에서 자녀의 문제 행동에 대한 솔루션이 제시됩니다. 선생님은 부모의 마음으로 아이들에게 다가가야 한다고 생각하기에  선생님에게도 적용이 가능한 연수였습니다. 하지만 유치원 교사 또는 초등학교 저학년 교사에게 더 많은 도움이 될 것 같으며, 어린 아이의 부모가 수강하면 더 좋을 것 같습니다.",5,생활지도,2023/10/24
2학점 ,"돈으로 움직이는 교실 이야기, 세금 내는 아이들",초등의 이야기이지만 중등에서도 충분히 활용할 수 있을 것 같아요. 중등에서는 어떤 점들을 이용하면 좋을 것 같다는 그런 내용이 있었으면 좋을 것 같아요.,5,학습지도,2023/10/24
0학점 ,안전한 테두리의 나! - 안테나 O_K(중등 심화),지금껏 위기학생을 상담하면 먼저 두려움의 앞섰는데 이연수를 받고 어떻게 상담하면 되는지를 알게 되어 마음이 한결 가벼워졌습니다.,5,생활지도,2023/10/24
2학점 ,생활의 달인이 알려주는 누나IT,"언제나 기대감을 안고 시작하는 티처빌 연수~~~
연수 제목에 걸맞게 누구나 아는 나만 모르는 IT세상을 이번 연수를 통해 조금이나마 알게 되었고, 교직실무와 수업에도 적용할 수 있을 것 같습니다.
좋은 연수의 기회에 감사드립니다.",5,디지털활용,2023/10/24
1학점 ,고교학점제의 시작! 진로학업설계,연수를 통해 고교학점제와 진로학업설계를 지도할 수 있음,5,진로·인성,2023/10/24
0학점 ,안전한 테두리의 나! - 안테나 O_K,내용을 적절하게 잘 요약해주셔서 유익하게 잘 들었습니다.,5,생활지도,2023/10/24
2학점 ,여행영어 특급패턴 101,너무 재밌고 유용했습니다.감사해요.다른 선생님들한테 추천할께요.,5,어학,2023/10/24
1학점 ,민규동과 함께하는 시네마 유니버스 - 영화와 인문학,수업시간에 활용할 수 있는 자료가 풍부해서 유익하였습니다. 영화 내용뿐 아니라 촬영 기법 및 구도 등 자세한 설명이 좋았습니다.,5,인문·교양,2023/10/24
1학점 ,인공지능(AI)를 이기는 교육,데니스홍의 실제 생활로부터 인공지능에 대한 것을 배우다 보니 실제적이고 흥미가 있었습니다.,5,디지털활용,2023/10/24
2학점 ,미래직업과 미래지도사 - 미래지도사 1급 자격 과정(직무상시),"게임 VR/AR 프로그래머라는 부분을 해당 연수에 대해 처음 알게 되었고 모바일, PC 게임만 하는 친구 중에 자격증이 있음을 알려주고 
같이 공부하면서 시야를 넓히게 되었습니다.",5,진로·인성,2023/10/24
1학점 ,현장 멘토들과 함께 하는 인도주의 실천 가이드,인도주의에 대한 이해와 우리나라 인도주의 역사 학습을 통해 인도주의 단체에 대한 역사와 관심도를 높였습니다.,5,인문·교양,2023/10/24
4학점 ,필요할 때 꺼내 쓰는 오피스 필수 키트,"정말 유익하였다!!! 라고  한마디로 요약할 수 있습니다~~~ 
이 강의는 널리 알려야 합니다!!! ㅎㅎㅎㅎ
학교에서 교무기획 업무를 몇 해 하면서 엑셀, 한글 문서를 사용할 일이 많았는데도 
강의를 들으면서 와~~~~ 이런 내용을 알았다면,,, 더 수월하게 일을 했을텐데... 라고 생각한게 한두가지가 아니예요~~~
너무 유익했습니다ㅠㅠㅠ  (이 강의를 들은 이후의 저는 이전에 비해 훨씬 더 빨리 업무처리를 할 수 있습니다!!!)

그리고 강의에서 얘기해주시는 예시들이 학교의 업무 실무에 바로 적용할 수 있는 부분이여서 
저는 집에서 강의듣고,  출근할때는 늘 강의 교재를 들고 갔어요ㅋㅋㅋ 
교재 보며 엑셀, 한글문서 작성할 때 지금까지도 잘 활용하고 있습니다~ 

다른 선생님들께도 추천합니다!! 
이 강의 듣고 같이 효율적으로 일해요 우리~~~~",5,디지털활용,2023/10/24
0학점 ,안전한 테두리의 나! - 안테나 O_K(기본)(2023 인천광역시교육청),너무 유익한 연수 잘 들었습니다 앞으로도 지금처럼 좋은 연수 부탁드립니다,5,생활지도,2023/10/24
1학점 ,"지금은 다문화 시대, 차이를 존중하는 문화 역량 강화",다문화가정에 관심이 많았는데 이러한 연수를 접하게 되어 많은 것을 알게 되었고 배울수 있었음. 점점 다문화 가정이 많이 발생하고 있는 시기에 매우 적절한 연수 였더고 생각됩니다.,5,생활지도,2023/10/24
1학점 ,심리로 보는 힐링 프로젝트 - 할짝 심리학,"심리학에 대한 관심이 많아지는 요즘.
그리고 학생들에  대한 정서적 이해가 필요한 요즘.
추천드립니다!",5,인문·교양,2023/10/24
1학점 ,몽감독이 알려주는 역사를 담은 여행 미국 도시의 모든 것,미국 여행을 가고 싶을 만큼 유익한 정보 주셔서 감사합니다.,5,인문·교양,2023/10/24
1학점 ,다름을 인정하는 다문화 교육 - 수업의 실제,"다문화에 대해 배울 수 있는 좋은 기회였습니다. 
감사합니다.",5,생활지도,2023/10/24
4학점 ,왕초보도 쉽게 배우는 사용빈도 1억 영어회화 표현,"대부분 안다고 생각해서 신청한 연수였지만, 배움이 있는 유익한 연수였습니다. 강사님의 강의도 지루하지 않고 귀에 쏙쏙 들어왔어요. 고맙습니다.",5,어학,2023/10/24
0학점 ,안전한 테두리의 나! - 안테나 O_K(중등 심화),아직 미성숙한 아이들이 가지고 있는 마음의 병을 빨리 알아차리고 들어주며 아이들의 변화를 위해 지켜봐 줘야 겠다고 느끼게 된 연수였습니다.,5,생활지도,2023/10/24
1학점 ,학교에서 만나는 보훈문화교육(중등),"처음에는 고리타분한 호국 교육인듯하였는데 연수에 참여해보니 우리나라의 역사에 대해서도 다시한번 더 되돌아볼 수 있었음. 도 독립, 호국, 민주 역사를 주제로 국가를 위해 희생/공헌한 분들을 기억하고 이를 계승하는 나라사랑정신을 다시 떠올릴 수 있었음. 이를  학교에서 활용할 수 있도록 교과 교육과정 내에 보훈교육과 연계하여 수업하는 방안을 이해하고 수업에 적용시키고자 함. 올바른 역사인식, 국가관, 안보관, 민족적 자긍심을 함양시키고 학생들이 가치관 형성과 확립에 도움을 주고자함. 자랑스러운 역사를 통해 '어떤 시련이 있을지라도 용기와 신념으로 세상을 바꿀 수 있다.'는 긍지와 자부심을 느끼고 학생들을 가르치는데도 효과를 줄 수 있도록 함.",5,학습지도,2023/10/24
0학점 ,알쏭달쏭 캐치! 청소년 약물오남용 및 마약류 예방 정보 바로 알기,"청소년 약물오남용 및 마약류 예방 정보 바로 알기 연수를 통해 약물오남용과 먀약류의 정의, 예방에 대해서 알게 되었습니다. 감사합니다.",5,생활지도,2023/10/24
1학점 ,"아는 만큼 쌓이는 금융잔고, 교사 금융문맹 탈출기(주식, 부동산)",평균수명의 증가로 재테크의 필요성이 증대하고 금융문맹 탈출의 필요성이 더욱 요구되는 시기에 투자관련 연수를 들어 매우 유익했습니다.,3,인문·교양,2023/10/24
1학점 ,동화로 그리는 아이 마음 스케치 - 전래동화 동화치료편,"유익하고, 좋은 연수 감사합니다. 수업에 적용하면 좋을 것 같습니다.",5,생활지도,2023/10/24
4학점 ,필요할 때 꺼내 쓰는 오피스 필수 키트,"정말 유익하였다!!! 라고  한마디로 정의할 수 있습니다~~~ 
이 강의는 널리 알려야 합니다!!! ㅎㅎㅎㅎ
강의에서 얘기해주시는 예시들이 학교의 업무 실무에 바로 적용할 수 있는 부분이여서 
저는 집에서 강의듣고,  출근할때는 강의 교재를 들고 갔어요^^ 
교재 보며 엑셀, 한글문서 작성할 때 지금까지도 잘 활용하고 있습니다~",5,디지털활용,2023/10/24
0학점 ,안전한 테두리의 나! - 안테나 O_K(중등 심화)(2023 인천광역시교육청),생명 존중 연수는 강조해도 부족함이 없는 거 같습니다.  관련 연수 많이 제작해 주세요. 감사합니다.,5,생활지도,2023/10/24
0학점 ,알쏭달쏭 캐치! 청소년 약물오남용 및 마약류 예방 정보 바로 알기,"청소년 약물오남용 및 마약류 예방 정보 바로알기 연수 잘 들었습니다.
마약류의 종류와 교육 방법 등 잘 활용하여 수업에 활용하겠습니다.",5,생활지도,2023/10/24
2학점 ,온라인으로 떠나는 다문화 여행(직무상시),다양한 나라의 문화를 연수를 통해서 알게 되었습니다! 유익한 연수 열어주셔서 감사합니다,5,생활지도,2023/10/24
1학점 ,"지금은 다문화 시대, 차이를 존중하는 문화 역량 강화",차이를 존중하는 문화 역량을 강화 시킬 수 있는 유익한 연수였습니다.,5,생활지도,2023/10/24
1학점 ,기후변화와 생태계,기후변화와 관련해서 유익한 강의입니다. 자연을 파괴하는 여러가지 행동들을 작게는 나부터 실천하는 행동이 필요합니다.,5,생활지도,2023/10/24
0학점 ,안전한 테두리의 나! - 안테나 O_K,학생들을 이해하고 학생들의 행동과 그들이 보내는 징후를 통해 더 많은 공감과 이해를 해 줄 수 있는 태도를 가지는 것이 선생님들이 해야할 노력이라고 생각한다.,5,생활지도,2023/10/24
0학점 ,메디방 페인트로 디지털 드로잉부터 굿즈 제작까지!(직무상시),그림그리는 것이 어렵다는 생각을 많이 했는데 쉽게 캐릭터를 만들수 있는 방법과 기념품을 만들 수 있어 활용성이 좋은 연수였다.,5,디지털활용,2023/10/24
0학점 ,안전한 테두리의 나! - 안테나 O_K(기본)(2023 인천광역시교육청),의무연수이긴 하지만 우리반 아이들을 이해하고 지도하는 데 많은 도움이 될 듯 합니다.,5,생활지도,2023/10/24
4학점 ,알기 쉬운 교직실무,학교 실무의 전반적인 면을 보다 정확하게 알게 해 준 아주 유익한 연수였습니다.,5,학습지도,2023/10/24
2학점 ,벌거벗은 한국사(연수+도서),강사선생님의 역사 이야기를 재미나게 잘 들려주셔서 마지막까지 잘 참여하며 들었습니다.,5,인문·교양,2023/10/24
2학점 ,온라인으로 훈련하는 체험 안전교육(직무상시),안전연수를 통해 안전한 삶을 살게 된 것 같습니다. 앞으로 익힌 내용을 잊지 않고 위급한 순간 최선의 선택으로 많은 생명과 안전을 지키는데 앞장서겠습니다.,5,생활지도,2023/10/24
1학점 ,현장 멘토들과 함께 하는 인도주의 실천 가이드,도움 되는 연수 감사합니다. 앞으로도 좋은 연수 과정 많이 부탁드립니다.,5,인문·교양,2023/10/24
1학점 ,15가지 스킬로 끝내는 영어 리스닝 무작정 따라하기,영어  전공자 아닌 뿐들께도 유익한 연수라고 생각되어 추천하고 싶습니다~~,5,어학,2023/10/24
0학점 ,안전한 테두리의 나! - 안테나 O_K(중등 심화)(2023 인천광역시교육청),기본 과정을 이미 이수하였다면 이것과 연계하여 짜임새 있게 구성된 연수입니다. 훌륭합니다.,5,생활지도,2023/10/24
1학점 ,"대한민국 테마기행(역사, 문화 여행)",우리나라의 역사문화유적지에 대한 이해도를 높이면서 상식이 풍부해지는 연수였습니다. 우리나라의 숨은 비경을 소개하는 연수가 개설되기를 희망합니다. 감사합니다.,5,인문·교양,2023/10/24
1학점 ,누구나 쉽게 배우는 칼림바(연수+교구),꼭 배우고 싶었던 연수인데 강사님께서 너무나도  쉽고 편안한 몰입감을 줘서 즐겁게 수업에 임할 수 있었습니다. 선생님 말대로 열심히 연습해볼께요.,5,생활지도,2023/10/24
2학점 ,한 방에 끝내는 초등 진로교육,초등 현장에서 이용할 수 있는 진로 교육의 모든 아이디어들이 집대성 된 연수! 매우 유익하고 실용성 있습니다.,5,진로·인성,2023/10/24
0학점 ,안전한 테두리의 나! - 안테나 O_K(중등 심화),아주 유익한 연수였습니다. 감사합니다. 대화형식의 연수내용이 이해하기에 좋았습니다.,5,생활지도,2023/10/24
2학점 ,2024 대입 지원 전략! 수박 먹고 대학 간다(이해편),매년 입시 결과를 예측해보고 학생들을 지도하는데 큰도움이 된다.,5,진로·인성,2023/10/24
0학점 ,부패방지교육과 부정청탁 및 금품 수수의 금지에 관한 교육,공직자로서 가져야할 기본적인 자세에 대해 알게되었습니다. 긍정적인 나비효과가 있기를 바랍니다.,5,생활지도,2023/10/24
0학점 ,구글 시트로 스마트하게 끝내는 학교 업무,학교 업무에서 바로 활용할 수 있는 내용으로만 구성된 알찬 연수였습니다. 강사님이 설명도 쉽고 잘 해주셔서 많은 도움이 되었습니다.,5,디지털활용,2023/10/24
0학점 ,학생맞춤형 AI 수학솔루션 매쓰홀릭T,내가 찾고 있던 개별화 맞춤교육 시스템이다. 많이 찾아헤맬 각오했는데 짧은 시간에 찾아 기쁘다. 자유롭게 활용할 수 있도록 해야겠다,5,디지털활용,2023/10/24
2학점 ,한 방에 끝내는 초등 진로교육,다소 막막할 수 있는 진로수업을 교육 현장에 적용할 수 있는 유익한 연수였습니다.,5,진로·인성,2023/10/24
0학점 ,안전한 테두리의 나! - 안테나 O_K(중등 심화)(2023 인천광역시교육청),실생활에 유익함이 되었습니다. 실생활에 유익함이 되었습니다,5,생활지도,2023/10/24
2학점 ,교사와 학생이 함께 풀어 가는 수업 방해,"통합학급을 운영하면서 항상 걱정이 앞섰는데, 이 연수를 통해서 한껏 마음이 가벼워진 느낌입니다.",5,학습지도,2023/10/24
4학점 ,최태성의 한눈에 사로잡는 한국사능력 검정시험 심화,"아침 출근길, 퇴근길에 재미있게 들었습니다.  유익한 연수였습니다.
역사는 역시 최태성선생님 입니다. ^^   강의 내용이 너무 좋아 많은 도움이 되었습니다. 좋은 연수 만들어 주셔서 감사합니다.",5,자격대비,2023/10/24
2학점 ,여행영어 특급패턴 101(직무상시),여행가서 간단한 의사소통은 할수있을거같은 자신감이 생겼네요!,5,어학,2023/10/24
2학점 ,뉴요커의 리얼리티 영어,영어에 대한 두려움을 많이 없애준 연수였어요. 특히 라디오 영어방송에서 듣던 발음이 아니라 현지 원어민 발음으로 다양한 상황에서 영어를 익힐 수 있어서 참 좋았습니다.,5,어학,2023/10/24
1학점 ,학교에서 만나는 보훈문화교육(중등),"학교에서 보훈교육을 할 때 어떻게 해야하는지 잘 모르겠었는데, 조금 더 가벼운 마음으로 조회나 자율 활동에 적용할 수 있을 것 같아 도움을 받았다. 
내용이 알차게 구성되어 있어 추천한다.",5,학습지도,2023/10/24
4학점 ,선생님도 이젠 최고의 안전교육 전문가,"내용을 조금 업그레이드 시켜주시면 좋겠습니다.
유익한 연수였습니다.",5,생활지도,2023/10/24
1학점 ,메타버스와 에듀테크의 활용,구글 계정을 만드는 방법을 알려준 것과 메타버스 플랫폼을 알려준 것이 좋았다,5,디지털활용,2023/10/24
0학점 ,안전한 테두리의 나! - 안테나 O_K(기본)(2023 인천광역시교육청),초등학생 자살 예방을 위해 기본 지식과 대처 방안 등을 알 수 있어 유익하였으며 고학년 생활지도시 적극 활용하겠다.,5,생활지도,2023/10/24
2학점 ,2024 대입 지원 전략! 수박 먹고 대학 간다(이해편),현재의 대입과 앞으로의 대입을 알 수 있는 매우 유익한 시간이 었습니다. 중학교 교사로서 학생을 지도하는데 필수적인 강의라고 생각합니다. 늘 좋은 강의 감사합니다.,5,진로·인성,2023/10/24
2학점 ,교과 수업 짱이 되자! 디지털 활용 역량 마음껏 펼치기(직무상시),앞으로 미래의 교실을 만들어나가는데 유용한 시간이 될거같고 다른 교사들에게도 추천하고 싶다.,5,디지털활용,2023/10/24
2학점 ,대한민국 행복교육 프로젝트,행복교육연수에 아주 만족합니다. 좋은 연수 프로그램 제작해주신 서울대학교 행복연구센터에 감사드립니다.,5,학습지도,2023/10/24
2학점 ,벌거벗은 한국사(연수+도서),관점에 따라 역사적 사실이 다양하게 보여질 수 있음을 알았습니다.,5,인문·교양,2023/10/24
1학점 ,교사교육과정 디자인 노하우,여러 전문적인 내용과 교육과정 설계를 위한 구체적인 사례를 담고 있어 무척 유익하였습니다.,5,학습지도,2023/10/24
2학점 ,리얼클래스! 타일러의 진짜 영어,쉬운 어휘를 사용하여 실생활에 사용할 수 있는 유익한 표현들을 익힐 수 있어서 정말 좋았어요. 타일러와 만화 캐릭터가 함께 하는 수업도 인상적이고 재미있었습니다.  그동안 알고싶었던 표현들을 쏙쏙 뽑아낸 것 같아 앞으로 사용한는데 도움이 많이 될 거 같아요. 감사합니다!!!,5,어학,2023/10/24
1학점 ,학교에서 만나는 보훈문화교육(중등),"호국 보훈에 대해 많은 정보를 얻을 수 있었습니다.
어렵지  않게 강의 진행되어 부담이 덜하고 재미있었습니다.
감사합니다~",5,학습지도,2023/10/24
0학점 ,안전한 테두리의 나! - 안테나 O_K(중등 심화),자살 행동을 봉인 학생들에게 다가가기 힘들지만 이 연수를 통해 방법들을 다시 생각할 수 있는 기회가 될 수 있어요.,5,생활지도,2023/10/24
2학점 ,벌거벗은 한국사(연수+도서),벌거벗은 한국사 강사임도 유쾌하고  딱딱할 것 같은 역사 교육을 스토리텔링으로 아주 재미있게 흥미롭게 잘 풀어 주어서 좋았다. 강추함,5,인문·교양,2023/10/24
0학점 ,안전한 테두리의 나! - 안테나 O_K(중등 심화)(2023 인천광역시교육청),타인을 더 잘 이해할 수 잇는 계기가 되었습니다. 유익하고 실생활에 도움이 되는 연수 감사합니다.,5,생활지도,2023/10/24
0학점 ,안전한 테두리의 나! - 안테나 O_K(기본)(2023 인천광역시교육청),유익한 연수였습니다. 감사합니다. 유익한 연수였습니다. 감사합니다. 유익한 연수였습니다. 감사합니다.,5,생활지도,2023/10/24
0학점 ,안전한 테두리의 나! - 안테나 O_K(기본)(2023 인천광역시교육청),타인을 더 잘 이해할 수 잇는 계기가 되었습니다. 유익하고 실생활에 도움이 되는 연수 감사합니다.,5,생활지도,2023/10/24
1학점 ,"아는 만큼 쌓이는 금융잔고, 교사 금융문맹 탈출기(주식, 부동산)",주식 투자에 대해 다시 생각해보는 기회였음! 본인이 금융문맹이라면 한번 들어보실만한 연수!,5,인문·교양,2023/10/24
0학점 ,안전한 테두리의 나! - 안테나 O_K(기본)(2023 인천광역시교육청),나날이 예민해 지는 학생들과 지내며 극단적인 생각을 하는 경우들을 종종 봅니다. 스스로 도움을 청하는 경우 다행이지만 그렇지 않은 경우 교사의 세밀한 관찰이 필요한데 이 연수는 이러한 점에서 도움이 된다고 봅니다.,5,생활지도,2023/10/24
4학점 ,알기 쉬운 교직실무,도움되는 연수입니다. 교직 전반에 대한 이해도가 향상되었고 꼭 들어야 할 연수입니다.,5,학습지도,2023/10/24
4학점 ,미술로 만나는 아이들의 심리,"시험때문에 부담이 되었지만 수강하고 나니 뿌듯한 기분이 들어요.
어린 자녀분들 을 키우시는 분들께 추천합니다.",5,생활지도,2023/10/24
2학점 ,생활의 달인이 알려주는 누나IT,연수 내용이 어렵지 않고 쉽게 이해할 수 있도록 구성되어 있습니다. 프로그램의 다양한 기능을 알아두면 수업 및 업무에 도움이 됩니다.,5,디지털활용,2023/10/24
0학점 ,알쏭달쏭 캐치! 청소년 약물오남용 및 마약류 예방 정보 바로 알기,마약근절 및 약물오남용에 관련하여 좋은 강의를 들었습니다. 감사합니다.,5,생활지도,2023/10/24
4학점 ,최태성의 한눈에 사로잡는 한국사능력 검정시험 심화,역사를 분야별로 정리하여 설명해 주셔서 흐름을 이해하는데 큰 도움이 되었습니다.,5,자격대비,2023/10/24
0학점 ,안전한 테두리의 나! - 안테나 O_K(기본)(2023 인천광역시교육청),매년 듣는 의무 연수로 강의를 들을 때마다  참 유익한 연수로 생각됩니다,4,생활지도,2023/10/24
1학점 ,다름을 인정하는 다문화 교육 - 수업의 실제,"다문화 가정의 학생과의 소통의 문제에 고민이 많았습니다. 해결은 되지 않지만, 조금씩 변화하려고 합니다. 강의가 도움이 되었습니다.",5,생활지도,2023/10/24
2학점 ,한 방에 끝내는 초등 진로교육,정말 유익하고 좋은 연수 감사합니다^^ 진로교육에 도움을 많이 받았고 학생들을 교육하는데 도움이 되었습니다.,5,진로·인성,2023/10/24
2학점 ,"여기는 학폭 상담소, 학교폭력 필수 가이드 - 예방부터 조치까지","시스템이 잘 되어있습니다. 학교폭력에 관한 학생, 교사, 학부모, 학교의 역할을 잘 이해할 수 있습니다.",5,생활지도,2023/10/24
0학점 ,안전한 테두리의 나! - 안테나 O_K(기본)(2023 인천광역시교육청),좋은 내용으로 구성된 연수였습니다. 좀 더 실질적인 사례 및 제도적인 부분에 대해서도 내용에 포함되었으면 합니다.,5,생활지도,2023/10/24
0학점 ,안전한 테두리의 나! - 안테나 O_K(중등 심화),이번 연수를 통해 유익한 내용과 그동안 모르고있었던 내용 까지 잘 파악하여 학생지도에 참고하겠습니다.,5,생활지도,2023/10/24
2학점 ,손미나의 산티아고 순례길 - 스페인어,TV 예능을 볼 때 안들리던 스페인어가 조금씩 들리고 이해되기 시작했어요,5,어학,2023/10/24
1학점 ,"평가의 재해석, 시험을 의심하다","연수를 듣고 제 수업과 평가 방식에 대해 돌아볼 수 있는 계기가 되었습니다. 아이들을 실제로 성장시키기 위한 수업과 평가는 어떤 방식이 되어야 하는지 알고 있으면서도, 바쁘고 어렵다는 핑계로 현실에서 적용하지 못하고 있던 제게 실행할 수 있는 힘을 주었습니다. 좋은 수업은 교사 혼자 이끌어가는 수업이 아니라는 것을 명심하고 이제는 아이들과 함께 수업을 만들어보고자 합니다. 그리고 아이들이 학업으로 인해 겪는 고충을 다시금 느껴볼 수 있었고, 힘들어하는 아이들의 마음에 좀 더 공감할 수 있을 것 같습니다.",5,학습지도,2023/10/24
2학점 ,2024 대입 지원 전략! 수박 먹고 대학 간다(이해편),강사님께서 이해하기 쉽게 잘 설명해주셔서 매우 유익한 수업이었습니다.,5,진로·인성,2023/10/24
1학점 ,학교에서 만나는 보훈문화교육(중등),세계에서 유일한 분단 국가로 우리의 역사를 정확히 인지하고 나라를 위해 희생하신 분들의 넋을 기리며 그들의 뜻을 본받겠다는 의지를 다시 한번 되새기게 되는 유익하나 연수였다.,5,학습지도,2023/10/24
2학점 ,"공부가 재미있어요, 기초학력 지도! 진단부터 학습부진 해결(부산교육연수원)",여러 방면에서 학습에 어려움을 겪고 있는 아이들을 가르치고 있다면 좋은 연수입니다.,5,학습지도,2023/10/24
0학점 ,안전한 테두리의 나! - 안테나 O_K(초등 심화),"자살이라는 내용은 나와는 거리가 먼줄 알았는데 그럼에도 불구하고 초등학생들에게도 이러한 충동이 있다는 것에 대해 마음이 아프다.
좀더 관샘있게 아이들을 관찰하고 이러한 충동이 있는 작은 부분도 놓치면 안되겠다는 생각을 하게 되었다.",5,생활지도,2023/10/24
1학점 ,누구나 쉽게 배우는 칼림바(연수+교구),리코더는 쉬운 듯 하지만 3학년 학생들도 많이 어려워해요. 그에 비해서 칼림바는 악보를 못 읽는 다면 숫자로만 표시할 수 있으니 저학년도 할 수 있는 악기라고 생각합니다.,5,생활지도,2023/10/24
2학점 ,큰별쌤 최태성의 한국사능력검정시험(직무상시),최태성 선생님 덕분에 한국사의 전반적인 흐름을 쉽고 빠르게 알게 되었어요. 본 연수의 특성상 한능검을 위해서는 외워야 할 것들이 많지만 큰 흐름을 흥미롭게 설명해주신 점이 좋았습니다.,5,자격대비,2023/10/24
2학점 ,설민석의 히스토리텔링,연수는 새로운 이야기들이라기 보다는 우리가 아는 이야기 들로 구성되어졌다. 하지만 여기에서 새롭게 알게 된 사실들과 새로운 단어들의 역사 관계를 알게 되어 좋은 시간이었다.,5,인문·교양,2023/10/24
1학점 ,학교에서 만나는 보훈문화교육(중등),"동영상과 개념 정리, 문제풀이 교육을 쉽게 들을 수 있었습니다.",5,학습지도,2023/10/24
1학점 ,"구글 마스터가 되는 길, 구글 인증 교육자 과정",구글에 대해 궁금해하시는 다른 선생님들께 추천해드리고 싶습니다.,5,디지털활용,2023/10/24
1학점 ,15가지 스킬로 끝내는 영어 리스닝 무작정 따라하기,내용이 유익하고 잘 편성되어 있다.  전체적으로 유익한 연수였다.,5,어학,2023/10/24
